City,Avg_AQI,Avg_PM2_5,Avg_Pollution_Exposure_Score,Avg_Respiratory_Admission_Rate_Pct,Avg_Daily_Total_Admissions,Severe_AQI_Days_Count,Pearson_r_PM25_Resp,Spearman_rho_PM25_Resp,Optimal_Lag_Days,Lagged_Impact_Score_LIS,Relative_Risk_per_10ug,RR_95_CI_Low,RR_95_CI_High,Excess_Risk_Pct,City_Pollution_Health_Risk_Score_CPHRS,Risk_Rank
Delhi NCR,328.1,190.7,66.3,45.97,2124.9,994,0.9887,0.9738,2,0.9955,1.0446,1.044,1.0451,4.46,100.0,1
Patna,308.3,172.0,64.7,44.71,548.5,956,0.979,0.96,2,0.9877,1.0467,1.0457,1.0478,4.67,95.2,2
Lucknow,283.7,152.3,62.9,42.9,576.3,815,0.9685,0.9565,2,0.9789,1.0453,1.0441,1.0465,4.53,89.1,3
Kolkata,227.9,111.3,56.3,38.82,954.3,444,0.9334,0.9462,2,0.9434,1.032,1.0304,1.0336,3.2,71.4,4
Ahmedabad,192.5,91.2,52.4,35.37,593.5,4,0.8077,0.8532,2,0.8305,1.025,1.0222,1.0278,2.5,51.3,5
Mumbai,153.0,73.9,43.4,34.28,1101.9,0,0.8624,0.838,2,0.8835,1.022,1.0198,1.0242,2.2,44.4,6
Pune,123.9,61.1,36.9,33.8,485.6,0,0.5547,0.5457,2,0.5827,1.0178,1.014,1.0216,1.78,11.8,7
Hyderabad,114.2,55.7,34.5,33.58,581.8,0,0.5702,0.5472,3,0.5997,1.0189,1.0149,1.023,1.89,10.4,8
Chennai,97.7,47.6,29.1,33.44,617.1,0,0.6289,0.6033,2,0.6631,1.0198,1.0162,1.0234,1.98,9.9,9
Bengaluru,91.1,42.1,27.0,33.28,631.7,0,0.5326,0.5102,2,0.574,1.018,1.014,1.0221,1.8,0.0,10
